año,trimestre,ventas,utilidad,cogs,margen_trim,periodo,ventas_qoq_pct,ventas_yoy_pct
2013,Q1,26415255.51,3878464.51,22536791.0,14.68,2013 Q1,,
2014,Q1,92311094.78,13015237.78,79295857.0,14.1,2014 Q1,249.4612980179346,249.4612980179346
